S/N,First Name,Last Name,Email,Gender,Phone Number,Address,City,Username,Password 
4,William,Donald,william@gmail.com,Female,+44 1632 960456,,Liverpool,William,William45
6,David,Gary,david@gmail.com,Female,+44 1632 960689,,Edinburgh,David,Davidrjr
7,Charles,George,charles@gmail.com,Female,+44 1632 960091,,Glasgow,Charles,Charles
8,Thomas,Kenneth,thomas@gmail.com,Female,+44 1632 960501,,GLuton,Thomas,Thomas
9,Michael,Paul,michael@gmail.com,Female,+44 1632 960788,,Bristol,Michael,Michael
10,Ronald,Edward,ronald@gmail.com,Female,+44 1632 960456,,Brighton,Ronald,Ronald
11,Larry,Jerry,larry@gmail.com,Female,+44 1632 960584,,Portsmouth,Larry,Larry
12,Donald,Dennis,donald@gmail.com,Female,+44 1632 960689,,Exeter,Donald,Donald
13,Joseph,Frank,joseph@gmail.com,Female,+44 1632 960091,,Canterbury,Joseph,Joseph
15,George,Kenneth,george@gmail.com,Female,+44 1632 960788,,Blackpool,George,George
16,Kenneth,Paul,kenneth@gmail.com,Female,+44 1632 960456,,Reading,Kenneth,Kenneth
22,Daniel,Raymond,daniel@gmail.com,Female,+44 1632 960456,,Durham,Daniel,Daniel
23,Raymond,Roger,raymond@gmail.com,Female,+44 1632 960584,,Lincoln,Raymond,Raymond
24,Roger,Stephen,roger@gmail.com,Female,+44 1632 960689,,stoke,Roger,Roger
26,Gerald,Walter,gerald@gmail.com,Female,+44 1632 960501,,Winchester,Gerald,Gerald
27,Walter,James,walter@gmail.com,Female,+44 1632 960788,,Address,Walter,Walter
32,Terry,David,terry@gmail.com,Female,+44 1632 960501,,Edinburgh,Terry,Terry
33,Wayne,Charles,wayne@gmail.com,Female,+44 1632 960788,,Glasgow,Wayne,Wayne
35,Jack,Michael,jack@gmail.com,Female,+44 1632 960584,,Bristol,Jack,Jack
36,Carl,Ronald,carl@gmail.com,Female,+44 1632 960689,,Brighton,Carl,Carl
37,Henry,Larry,henry@gmail.com,Female,+44 1632 960091,,Portsmouth,Henry,Henry56
38,Willie,Donald,willie@gmail.com,Female,+44 1632 960501,,Exeter,Willie,Willie
39,Bruce,Joseph,bruce@gmail.com,Female,+44 1632 960788,,Canterbury,Bruce,Bruce
40,Joe,Dennis,joe@gmail.com,Female,+44 1632 960456,,Sheffield,Joe,Joe
41,Peter,Frank,peter@gmail.com,Female,+44 1632 960584,,Blackpool,Peter,Peter
45,Anthony,Stephen,anthony@gmail.com,Female,+44 1632 960788,,Leeds,Anthony,Anthony
1,James,Michael,james@gmail.com,Male,+44 1632 960091,,Edinburgh,James,James1
2,Robert,Ronald,robert@gmail.com,Male,+44 1632 960501,,Aberdeen,Robert,Robert34
3,John,Larry,john@gmail.com,Male,+44 1632 960788,,Manchester,John,John
5,Richard,Joseph,richard@gmail.com,Male,+44 1632 960584,,London,Richard,Richard
14,Gary,George,gary@gmail.com,Male,+44 1632 960501,,Sheffield,Gary,Gary
17,Paul,Edward,paul@gmail.com,Male,+44 1632 960584,,Leicester,Paul,Paul
18,Edward,Jerry,edward@gmail.com,Male,+44 1632 960689,,Chester,Edward,Edward
19,Jerry,Dennis,jerry@gmail.com,Male,+44 1632 960091,,Leeds,Jerry,Jerry
20,Dennis,Frank,dennis@gmail.com,Male,+44 1632 960501,,Warwick,Dennis,Dennis
21,Frank,Daniel,frank@gmail.com,Male,+44 1632 960788,,Coventry,Frank,Frank
25,Stephen,Gerald,stephen@gmail.com,Male,+44 1632 960091,,Hereford,Stephen,Stephen
28,Harold,Robert,harold@gmail.com,Male,+44 1632 960456,,Aberdeen,Harold,Harold
29,Steven,John,steven@gmail.com,Male,+44 1632 960584,,Manchester,Steven,Steven
30,Douglas,William,douglas@gmail.com,Male,+44 1632 960689,,Liverpool,Douglas,Douglas
31,Lawrence,Richard,lawrence@gmail.com,Male,+44 1632 960091,,London,Lawrence,Lawrence
34,Arthur,Thomas,arthur@gmail.com,Male,+44 1632 960456,,GLuton,Arthur,Arthur
42,Billy,Daniel,billy@gmail.com,Male,+44 1632 960689,,Reading,Billy,Billy78
43,Roy,Raymond,roy@gmail.com,Male,+44 1632 960091,,Leicester,Roy,Roy
44,Ralph,Roger,ralph@gmail.com,Male,+44 1632 960501,,Chester,Ralph,Ralph
