First Name,Last Name,Email,Phone number,Address,City,Gender,Gender Prefer,Username,Password,Style
Joy,Paras,Paras@gmail.com,2123456789,Aberdeen,Aberdeen,Male,Male,Paras1,Paras1,Casual
Julia,Jerry,Jerry@gmail.com,2564321789,Bath,Bath,Male,Male,Jerry4,Jerry4,Casual
Juli,Jatin,Jatin@gmail.com,2896754321,Birmingham,Birmingham,Male,"Female,Male",Jatin6,Jatin6,Casual
Saylor,Joyce,Joyce@gmail.com,2546789321,Canterbury,Canterbury,Female,Male,Joyce9,Joyce9,Casual
Scarlett,Julia,Julia@gmail.com,2213456789,Bangor,Bangor,Female,Male,Julia11,Julia11,Casual
Scout,Juli,Juli@gmail.com,2587634923,Bath,Bath,Female,Female,Juli13,Juli13,Casual
Sky,Juliet,Juliet@gmail.com,2564321879,Birmingham,Birmingham,Male,Female,Juliet15,Juliet15,Casual
Samara,Julissa,Julissa@gmail.com,2654321789,Canterbury,Canterbury,Female,"Female,Male",Julissa18,Julissa18,Casual
Saniyah,Saige,Saige@gmail.com,2408935678,Armagh,Armagh,Male,Male,Saige21,Saige21,Casual
Tom,Samira,Samira@gmail.com,2267543219,Bradford,Bradford,Female,"Female,Male",Samira25,Samira25,Casual
Ram,Sara,Sara@gmail.com,2277889955,Bangor,Bangor,Female,Male,Sara29,Sara29,Casual
Joyce,Sarai,Sarai@gmail.com,2299786587,Bath,Bath,Male,Male,Sarai31,Sarai31,Casual
Julia,Sariyah,Sariyah@gmail.com,2244332266,Birmingham,Birmingham,Male,Female,Sariyah33,Sariyah33,Casual
Juli,Savanna,Savanna@gmail.com,2211668899,Cambridge,Cambridge,Female,Female,Savanna35,Savanna35,Casual
Juliet,Sawyer,Sawyer@gmail.com,2288665645,Aberdeen,Aberdeen,Female,Male,Sawyer37,Sawyer37,Casual
Julissa,Scarlett,Scarlett@gmail.com,2255667788,Bath,Bath,Female,Female,Scarlett40,Scarlett40,Casual
Juniper,Scout,Scout@gmail.com,2299788767,Birmingham,Birmingham,Male,"Female,Male",Scout42,Scout42,Casual
Joyce,Skye,Skye@gmail.com,2211345466,Bath,Bath,Female,Female,Skye45,Skye45,Casual
Judith,Tom,Tom@gmail.com,2234567891,Armagh,Armagh,Male,Female,Tom3,Tom3,English
Juliet,Joy,Joy@gmail.com,2657894321,Cambridge,Cambridge,Male,Female,Joy8,Joy8,English
Scarlette,Juliana,Juliana@gmail.com,4023456789,Armagh,Armagh,Female,Male,Juliana12,Juliana12,English
Skye,Julieta,Julieta@gmail.com,2789654321,Bradford,Bradford,Female,Male,Julieta16,Julieta16,English
Samira,June,June@gmail.com,2908765432,Aberdeen,Aberdeen,Female,Male,June,June,English
Saoirse,Salma,Salma@gmail.com,2890765432,Bath,Bath,Female,Male,Salma22,Salma22,English
Jan,Samara,Samara@gmail.com,2973467893,Birmingham,Birmingham,Female,Male,Samara24,Samara24,English
Ludo,Saniyah,Saniyah@gmail.com,2255566432,Canterbury,Canterbury,Male,Male,Saniyah27,Saniyah27,English
Joy,Sarah,Sarah@gmail.com,2254763432,Armagh,Armagh,Male,"Female,Male",Sarah30,Sarah30,English
Juliana,Sasha,Sasha@gmail.com,2211889955,Bradford,Bradford,Female,Male,Sasha34,Sasha34,English
Julieta,Saylor,Saylor@gmail.com,2211223443,Bangor,Bangor,Female,Female,Saylor38,Saylor38,English
June,Scarlette,Scarlette@gmail.com,2243235456,Belfast,Belfast,Male,Male,Scarlette41,Scarlette41,English
Jan,Sky,Sky@gmail.com,2267564534,Cambridge,Cambridge,Female,Male,Sky44,Sky44,English
Joyce,Jan,Jan@gmail.com,2987654321,Bangor,Bangor,Male,Male,Jan,Jan,Native
Juliana,Ludo,Ludo@gmail.com,2768543219,Belfast,Belfast,Female,Female,Ludo5,Ludo5,Native
Sunny,Ram,Ram@gmail.com,2967845321,Bradford,Bradford,Male,Male,Ram7,Ram7,Native
Scarlet,Judith,Judith@gmail.com,2321456789,Aberdeen,Aberdeen,Female,kids,Judith10,Judith10,Native
Selah,Sunny,Sunny@gmail.com,2754321897,Belfast,Belfast,Male,Male,Sunny14,Sunny14,Native
Saman,Juliette,Juliette@gmail.com,2678954321,Cambridge,Cambridge,Female,Kids,Juliette17,Juliette17,Native
Sandra,Juniper,Juniper@gmail.com,2809765432,Bangor,Bangor,Male,Female,Juniper20,Juniper20,Native
Paras,Saman,Saman@gmail.com,2998877662,Belfast,Belfast,Male,Female,Saman23,Saman23,Native
Jerry,Sandra,Sandra@gmail.com,2298788798,Cambridge,Cambridge,Male,Male,Sandra26,Sandra26,Native
Jatin,Saoirse,Saoirse@gmail.com,2233445565,Aberdeen,Aberdeen,Female,Female,Saoirse28,Saoirse28,Native
Judith,Sariah,Sariah@gmail.com,2256778899,Belfast,Belfast,Male,"Female,Male",Sariah32,Sariah32,Native
Sunny,Savannah,Savannah@gmail.com,2223455465,Canterbury,Canterbury,Male,Male,Savannah36,Savannah36,Native
Juliette,Scarlet,Scarlet@gmail.com,2276889977,Armagh,Armagh,Male,Male,Scarlet39,Scarlet39,Native
Paras,Selah,Selah@gmail.com,2209786756,Bradford,Bradford,Female,Kids,Selah43,Selah43,Native
